r,rs,g_rr,z
0.00887868,0.00886981,1001,0
0.00918987,0.00886981,28.7122,0.0057396
0.00950107,0.00886981,15.0508,0.00714197
0.00981227,0.00886981,10.4113,0.00820257
0.0101235,0.00886981,8.0751,0.00909379
0.0104347,0.00886981,6.6681,0.00987812
0.0107459,0.00886981,5.72788,0.0105869
0.0110571,0.00886981,5.05521,0.0112386
0.0113683,0.00886981,4.55011,0.0118451
0.0116795,0.00886981,4.1569,0.0124147
0.0119907,0.00886981,3.8421,0.0129535
0.0123019,0.00886981,3.5844,0.013466
0.0126131,0.00886981,3.36954,0.0139556
0.0129243,0.00886981,3.18767,0.0144253
0.0132355,0.00886981,3.03172,0.0148772
0.0135467,0.00886981,2.89653,0.0153133
0.0138579,0.00886981,2.77821,0.0157351
0.0141691,0.00886981,2.67378,0.0161439
0.0144803,0.00886981,2.58094,0.0165408
0.0147915,0.00886981,2.49786,0.0169269
0.0151027,0.00886981,2.42307,0.017303
0.0154139,0.00886981,2.3554,0.0176697
0.0157251,0.00886981,2.29387,0.0180279
0.0160363,0.00886981,2.23769,0.018378
0.0163475,0.00886981,2.18618,0.0187205
0.0166587,0.00886981,2.13878,0.019056
0.0169699,0.00886981,2.09503,0.0193849
0.017281,0.00886981,2.05452,0.0197075
0.0175922,0.00886981,2.01689,0.0200242
0.0179034,0.00886981,1.98186,0.0203353
0.0182146,0.00886981,1.94917,0.0206411
0.0185258,0.00886981,1.91858,0.0209418
0.018837,0.00886981,1.8899,0.0212377
0.0191482,0.00886981,1.86295,0.0215291
0.0194594,0.00886981,1.83759,0.021816
0.0197706,0.00886981,1.81368,0.0220988
0.0200818,0.00886981,1.7911,0.0223775
0.020393,0.00886981,1.76973,0.0226524
0.0207042,0.00886981,1.74949,0.0229237
0.0210154,0.00886981,1.73029,0.0231913
0.0213266,0.00886981,1.71204,0.0234556
0.0216378,0.00886981,1.69469,0.0237166
0.021949,0.00886981,1.67816,0.0239744
0.0222602,0.00886981,1.6624,0.0242292
0.0225714,0.00886981,1.64735,0.024481
0.0228826,0.00886981,1.63298,0.02473
0.0231938,0.00886981,1.61923,0.0249762
0.023505,0.00886981,1.60606,0.0252198
0.0238162,0.00886981,1.59344,0.0254608
0.0241274,0.00886981,1.58134,0.0256993
0.0244386,0.00886981,1.56972,0.0259354
0.0247498,0.00886981,1.55855,0.0261691
0.025061,0.00886981,1.54782,0.0264006
0.0253722,0.00886981,1.53749,0.0266298
0.0256834,0.00886981,1.52754,0.0268569
0.0259946,0.00886981,1.51795,0.0270819
0.0263058,0.00886981,1.50871,0.0273049
0.026617,0.00886981,1.49979,0.0275259
0.0269282,0.00886981,1.49117,0.0277449
0.0272394,0.00886981,1.48285,0.0279621
0.0275506,0.00886981,1.47481,0.0281774
0.0278618,0.00886981,1.46703,0.028391
0.028173,0.00886981,1.4595,0.0286028
0.0284842,0.00886981,1.45221,0.0288129
0.0287954,0.00886981,1.44515,0.0290214
0.0291066,0.00886981,1.4383,0.0292282
0.0294178,0.00886981,1.43166,0.0294334
0.029729,0.00886981,1.42522,0.0296371
0.0300402,0.00886981,1.41897,0.0298393
0.0303514,0.00886981,1.4129,0.03004
0.0306626,0.00886981,1.40701,0.0302393
0.0309738,0.00886981,1.40128,0.0304371
0.031285,0.00886981,1.3957,0.0306335
0.0315962,0.00886981,1.39029,0.0308286
0.0319074,0.00886981,1.38501,0.0310224
0.0322186,0.00886981,1.37988,0.0312148
0.0325298,0.00886981,1.37489,0.031406
0.032841,0.00886981,1.37002,0.0315959
0.0331522,0.00886981,1.36528,0.0317846
0.0334634,0.00886981,1.36066,0.0319721
0.0337746,0.00886981,1.35615,0.0321584
0.0340858,0.00886981,1.35175,0.0323436
0.034397,0.00886981,1.34747,0.0325276
0.0347082,0.00886981,1.34328,0.0327104
0.0350194,0.00886981,1.33919,0.0328922
0.0353306,0.00886981,1.33521,0.0330729
0.0356418,0.00886981,1.33131,0.0332526
0.035953,0.00886981,1.3275,0.0334312
0.0362642,0.00886981,1.32378,0.0336088
0.0365754,0.00886981,1.32015,0.0337854
0.0368866,0.00886981,1.31659,0.033961
0.0371978,0.00886981,1.31311,0.0341356
0.037509,0.00886981,1.30971,0.0343092
0.0378202,0.00886981,1.30638,0.034482
0.0381314,0.00886981,1.30312,0.0346538
0.0384426,0.00886981,1.29993,0.0348246
0.0387538,0.00886981,1.29681,0.0349946
0.039065,0.00886981,1.29375,0.0351637
0.0393762,0.00886981,1.29075,0.035332
0.0396874,0.00886981,1.28782,0.0354993
0.0399986,0.00886981,1.28494,0.0356659
0.0403098,0.00886981,1.28212,0.0358316
0.040621,0.00886981,1.27935,0.0359965
0.0409322,0.00886981,1.27664,0.0361605
0.0412434,0.00886981,1.27398,0.0363238
0.0415546,0.00886981,1.27137,0.0364863
0.0418658,0.00886981,1.26881,0.0366481
0.042177,0.00886981,1.2663,0.036809
0.0424882,0.00886981,1.26384,0.0369693
0.0427994,0.00886981,1.26142,0.0371287
0.0431106,0.00886981,1.25904,0.0372875
0.0434218,0.00886981,1.25671,0.0374455
0.043733,0.00886981,1.25442,0.0376028
0.0440442,0.00886981,1.25217,0.0377595
0.0443554,0.00886981,1.24996,0.0379154
0.0446666,0.00886981,1.24778,0.0380706
0.0449778,0.00886981,1.24565,0.0382252
0.045289,0.00886981,1.24355,0.0383791
0.0456002,0.00886981,1.24148,0.0385324
0.0459114,0.00886981,1.23946,0.038685
0.0462226,0.00886981,1.23746,0.0388369
0.0465338,0.00886981,1.2355,0.0389883
0.046845,0.00886981,1.23357,0.039139
0.0471562,0.00886981,1.23167,0.0392891
0.0474674,0.00886981,1.2298,0.0394386
0.0477786,0.00886981,1.22796,0.0395874
0.0480898,0.00886981,1.22616,0.0397357
0.048401,0.00886981,1.22438,0.0398834
0.0487122,0.00886981,1.22262,0.0400306
0.0490234,0.00886981,1.2209,0.0401771
0.0493345,0.00886981,1.2192,0.0403231
0.0496457,0.00886981,1.21753,0.0404685
0.0499569,0.00886981,1.21588,0.0406134
0.0502681,0.00886981,1.21426,0.0407577
0.0505793,0.00886981,1.21266,0.0409015
0.0508905,0.00886981,1.21108,0.0410447
0.0512017,0.00886981,1.20953,0.0411874
0.0515129,0.00886981,1.208,0.0413296
0.0518241,0.00886981,1.20649,0.0414713
0.0521353,0.00886981,1.20501,0.0416124
0.0524465,0.00886981,1.20354,0.0417531
0.0527577,0.00886981,1.2021,0.0418932
0.0530689,0.00886981,1.20068,0.0420329
0.0533801,0.00886981,1.19928,0.0421721
0.0536913,0.00886981,1.19789,0.0423107
0.0540025,0.00886981,1.19653,0.0424489
0.0543137,0.00886981,1.19518,0.0425867
0.0546249,0.00886981,1.19385,0.0427239
0.0549361,0.00886981,1.19254,0.0428607
0.0552473,0.00886981,1.19125,0.042997
0.0555585,0.00886981,1.18998,0.0431329
0.0558697,0.00886981,1.18872,0.0432683
0.0561809,0.00886981,1.18748,0.0434033
0.0564921,0.00886981,1.18625,0.0435378
0.0568033,0.00886981,1.18504,0.0436719
0.0571145,0.00886981,1.18385,0.0438055
0.0574257,0.00886981,1.18267,0.0439388
0.0577369,0.00886981,1.18151,0.0440716
0.0580481,0.00886981,1.18036,0.0442039
0.0583593,0.00886981,1.17923,0.0443359
0.0586705,0.00886981,1.17811,0.0444674
0.0589817,0.00886981,1.177,0.0445986
0.0592929,0.00886981,1.17591,0.0447293
0.0596041,0.00886981,1.17483,0.0448596
0.0599153,0.00886981,1.17376,0.0449895
0.0602265,0.00886981,1.17271,0.045119
0.0605377,0.00886981,1.17167,0.0452482
0.0608489,0.00886981,1.17064,0.0453769
0.0611601,0.00886981,1.16963,0.0455053
0.0614713,0.00886981,1.16862,0.0456333
0.0617825,0.00886981,1.16763,0.0457609
0.0620937,0.00886981,1.16665,0.0458881
0.0624049,0.00886981,1.16568,0.0460149
0.0627161,0.00886981,1.16472,0.0461414
0.0630273,0.00886981,1.16378,0.0462676
0.0633385,0.00886981,1.16284,0.0463933
0.0636497,0.00886981,1.16192,0.0465187
0.0639609,0.00886981,1.161,0.0466438
0.0642721,0.00886981,1.1601,0.0467685
0.0645833,0.00886981,1.1592,0.0468928
0.0648945,0.00886981,1.15832,0.0470168
0.0652057,0.00886981,1.15745,0.0471405
0.0655169,0.00886981,1.15658,0.0472638
0.0658281,0.00886981,1.15572,0.0473867
0.0661393,0.00886981,1.15488,0.0475094
0.0664505,0.00886981,1.15404,0.0476317
0.0667617,0.00886981,1.15321,0.0477537
0.0670729,0.00886981,1.15239,0.0478753
0.0673841,0.00886981,1.15158,0.0479966
0.0676953,0.00886981,1.15078,0.0481176
0.0680065,0.00886981,1.14999,0.0482383
0.0683177,0.00886981,1.1492,0.0483587
0.0686289,0.00886981,1.14843,0.0484787
0.0689401,0.00886981,1.14766,0.0485985
0.0692513,0.00886981,1.1469,0.0487179
0.0695625,0.00886981,1.14614,0.048837
0.0698737,0.00886981,1.1454,0.0489558
0.0701849,0.00886981,1.14466,0.0490743
0.0704961,0.00886981,1.14393,0.0491926
0.0708073,0.00886981,1.14321,0.0493105
0.0711185,0.00886981,1.14249,0.0494281
0.0714297,0.00886981,1.14178,0.0495454
0.0717409,0.00886981,1.14108,0.0496624
0.0720521,0.00886981,1.14038,0.0497792
0.0723633,0.00886981,1.1397,0.0498956
0.0726745,0.00886981,1.13901,0.0500118
0.0729857,0.00886981,1.13834,0.0501277
0.0732969,0.00886981,1.13767,0.0502433
0.0736081,0.00886981,1.13701,0.0503586
0.0739193,0.00886981,1.13635,0.0504737
0.0742305,0.00886981,1.13571,0.0505885
0.0745417,0.00886981,1.13506,0.050703
0.0748529,0.00886981,1.13443,0.0508172
0.0751641,0.00886981,1.13379,0.0509312
0.0754753,0.00886981,1.13317,0.0510449
0.0757865,0.00886981,1.13255,0.0511583
0.0760977,0.00886981,1.13194,0.0512715
0.0764089,0.00886981,1.13133,0.0513844
0.0767201,0.00886981,1.13073,0.051497
0.0770313,0.00886981,1.13013,0.0516094
0.0773425,0.00886981,1.12954,0.0517215
0.0776537,0.00886981,1.12895,0.0518334
0.0779649,0.00886981,1.12837,0.051945
0.0782761,0.00886981,1.1278,0.0520564
0.0785873,0.00886981,1.12723,0.0521675
0.0788985,0.00886981,1.12666,0.0522784
0.0792097,0.00886981,1.1261,0.0523891
0.0795209,0.00886981,1.12554,0.0524994
0.0798321,0.00886981,1.12499,0.0526096
0.0801433,0.00886981,1.12445,0.0527195
0.0804545,0.00886981,1.12391,0.0528291
0.0807657,0.00886981,1.12337,0.0529386
0.0810768,0.00886981,1.12284,0.0530478
0.081388,0.00886981,1.12231,0.0531567
0.0816992,0.00886981,1.12179,0.0532654
0.0820104,0.00886981,1.12127,0.0533739
0.0823216,0.00886981,1.12076,0.0534822
0.0826328,0.00886981,1.12025,0.0535902
0.082944,0.00886981,1.11974,0.053698
0.0832552,0.00886981,1.11924,0.0538056
0.0835664,0.00886981,1.11874,0.0539129
0.0838776,0.00886981,1.11825,0.0540201
0.0841888,0.00886981,1.11776,0.054127
0.0845,0.00886981,1.11728,0.0542336
0.0848112,0.00886981,1.1168,0.0543401
0.0851224,0.00886981,1.11632,0.0544463
0.0854336,0.00886981,1.11585,0.0545524
0.0857448,0.00886981,1.11538,0.0546582
0.086056,0.00886981,1.11491,0.0547638
0.0863672,0.00886981,1.11445,0.0548692
0.0866784,0.00886981,1.114,0.0549744
0.0869896,0.00886981,1.11354,0.0550793
0.0873008,0.00886981,1.11309,0.0551841
0.087612,0.00886981,1.11264,0.0552886
0.0879232,0.00886981,1.1122,0.055393
0.0882344,0.00886981,1.11176,0.0554971
0.0885456,0.00886981,1.11132,0.055601
0.0888568,0.00886981,1.11089,0.0557048
0.089168,0.00886981,1.11046,0.0558083
0.0894792,0.00886981,1.11003,0.0559116
0.0897904,0.00886981,1.10961,0.0560148
0.0901016,0.00886981,1.10919,0.0561177
0.0904128,0.00886981,1.10877,0.0562204
0.090724,0.00886981,1.10836,0.056323
0.0910352,0.00886981,1.10795,0.0564253
0.0913464,0.00886981,1.10754,0.0565275
0.0916576,0.00886981,1.10714,0.0566294
0.0919688,0.00886981,1.10674,0.0567312
0.09228,0.00886981,1.10634,0.0568328
0.0925912,0.00886981,1.10594,0.0569341
0.0929024,0.00886981,1.10555,0.0570353
0.0932136,0.00886981,1.10516,0.0571364
0.0935248,0.00886981,1.10478,0.0572372
0.093836,0.00886981,1.10439,0.0573378
0.0941472,0.00886981,1.10401,0.0574383
0.0944584,0.00886981,1.10363,0.0575386
0.0947696,0.00886981,1.10326,0.0576386
0.0950808,0.00886981,1.10288,0.0577386
0.095392,0.00886981,1.10251,0.0578383
0.0957032,0.00886981,1.10215,0.0579378
0.0960144,0.00886981,1.10178,0.0580372
0.0963256,0.00886981,1.10142,0.0581364
0.0966368,0.00886981,1.10106,0.0582354
0.096948,0.00886981,1.1007,0.0583343
0.0972592,0.00886981,1.10035,0.0584329
0.0975704,0.00886981,1.1,0.0585314
0.0978816,0.00886981,1.09965,0.0586297
0.0981928,0.00886981,1.0993,0.0587279
0.098504,0.00886981,1.09896,0.0588259
0.0988152,0.00886981,1.09861,0.0589237
0.0991264,0.00886981,1.09827,0.0590213
0.0994376,0.00886981,1.09794,0.0591188
0.0997488,0.00886981,1.0976,0.0592161
0.10006,0.00886981,1.09727,0.0593132
0.100371,0.00886981,1.09694,0.0594102
0.100682,0.00886981,1.09661,0.059507
0.100994,0.00886981,1.09628,0.0596037
0.101305,0.00886981,1.09596,0.0597001
0.101616,0.00886981,1.09564,0.0597965
0.101927,0.00886981,1.09532,0.0598926
0.102238,0.00886981,1.095,0.0599886
0.10255,0.00886981,1.09468,0.0600845
0.102861,0.00886981,1.09437,0.0601801
0.103172,0.00886981,1.09406,0.0602757
0.103483,0.00886981,1.09375,0.060371
0.103794,0.00886981,1.09344,0.0604662
0.104106,0.00886981,1.09314,0.0605613
0.104417,0.00886981,1.09283,0.0606562
0.104728,0.00886981,1.09253,0.0607509
0.105039,0.00886981,1.09223,0.0608455
0.10535,0.00886981,1.09193,0.0609399
0.105662,0.00886981,1.09164,0.0610342
0.105973,0.00886981,1.09134,0.0611283
0.106284,0.00886981,1.09105,0.0612223
0.106595,0.00886981,1.09076,0.0613162
0.106906,0.00886981,1.09047,0.0614098
0.107218,0.00886981,1.09019,0.0615034
0.107529,0.00886981,1.0899,0.0615967
0.10784,0.00886981,1.08962,0.06169
0.108151,0.00886981,1.08934,0.0617831
0.108462,0.00886981,1.08906,0.061876
0.108774,0.00886981,1.08878,0.0619688
0.109085,0.00886981,1.08851,0.0620615
0.109396,0.00886981,1.08823,0.062154
0.109707,0.00886981,1.08796,0.0622463
0.110018,0.00886981,1.08769,0.0623386
0.11033,0.00886981,1.08742,0.0624307
0.110641,0.00886981,1.08715,0.0625226
0.110952,0.00886981,1.08689,0.0626144
0.111263,0.00886981,1.08662,0.0627061
0.111574,0.00886981,1.08636,0.0627976
0.111886,0.00886981,1.0861,0.062889
0.112197,0.00886981,1.08584,0.0629802
0.112508,0.00886981,1.08558,0.0630713
0.112819,0.00886981,1.08533,0.0631623
0.11313,0.00886981,1.08507,0.0632531
0.113442,0.00886981,1.08482,0.0633438
0.113753,0.00886981,1.08457,0.0634344
0.114064,0.00886981,1.08432,0.0635248
0.114375,0.00886981,1.08407,0.0636151
0.114686,0.00886981,1.08382,0.0637053
0.114998,0.00886981,1.08358,0.0637953
0.115309,0.00886981,1.08333,0.0638852
0.11562,0.00886981,1.08309,0.063975
0.115931,0.00886981,1.08285,0.0640646
0.116242,0.00886981,1.08261,0.0641541
0.116554,0.00886981,1.08237,0.0642435
0.116865,0.00886981,1.08213,0.0643328
0.117176,0.00886981,1.0819,0.0644219
0.117487,0.00886981,1.08166,0.0645109
0.117798,0.00886981,1.08143,0.0645998
0.11811,0.00886981,1.0812,0.0646885
0.118421,0.00886981,1.08097,0.0647771
0.118732,0.00886981,1.08074,0.0648656
0.119043,0.00886981,1.08051,0.064954
0.119354,0.00886981,1.08028,0.0650422
0.119666,0.00886981,1.08006,0.0651303
0.119977,0.00886981,1.07983,0.0652183
0.120288,0.00886981,1.07961,0.0653062
0.120599,0.00886981,1.07939,0.0653939
0.12091,0.00886981,1.07917,0.0654815
0.121222,0.00886981,1.07895,0.065569
0.121533,0.00886981,1.07873,0.0656564
0.121844,0.00886981,1.07851,0.0657437
0.122155,0.00886981,1.0783,0.0658308
0.122466,0.00886981,1.07808,0.0659178
0.122778,0.00886981,1.07787,0.0660047
0.123089,0.00886981,1.07766,0.0660915
0.1234,0.00886981,1.07745,0.0661782
0.123711,0.00886981,1.07724,0.0662647
0.124022,0.00886981,1.07703,0.0663511
0.124334,0.00886981,1.07682,0.0664374
0.124645,0.00886981,1.07661,0.0665236
0.124956,0.00886981,1.07641,0.0666097
0.125267,0.00886981,1.0762,0.0666957
0.125578,0.00886981,1.076,0.0667815
0.12589,0.00886981,1.0758,0.0668673
0.126201,0.00886981,1.0756,0.0669529
0.126512,0.00886981,1.0754,0.0670384
0.126823,0.00886981,1.0752,0.0671238
0.127134,0.00886981,1.075,0.0672091
0.127446,0.00886981,1.0748,0.0672942
0.127757,0.00886981,1.07461,0.0673793
0.128068,0.00886981,1.07441,0.0674642
0.128379,0.00886981,1.07422,0.0675491
0.12869,0.00886981,1.07403,0.0676338
0.129002,0.00886981,1.07383,0.0677184
0.129313,0.00886981,1.07364,0.0678029
0.129624,0.00886981,1.07345,0.0678873
0.129935,0.00886981,1.07326,0.0679716
0.130246,0.00886981,1.07308,0.0680558
0.130557,0.00886981,1.07289,0.0681399
0.130869,0.00886981,1.0727,0.0682238
0.13118,0.00886981,1.07252,0.0683077
0.131491,0.00886981,1.07233,0.0683914
0.131802,0.00886981,1.07215,0.0684751
0.132113,0.00886981,1.07197,0.0685586
0.132425,0.00886981,1.07179,0.068642
0.132736,0.00886981,1.07161,0.0687254
0.133047,0.00886981,1.07143,0.0688086
